k,MAE,MSE,R2
2,0.17339493874901446,0.04460268313701074,-0.6993291343523358
3,0.2435052320621439,0.104977943960628,-2.999581776027158
4,0.4236540197698995,0.30365379816860233,-10.568984412878812
5,0.38194953968262335,0.2477510630087991,-8.43913168058413
