k,MAE,MSE,R2
2,0.14159074967701235,0.03482120041585707,-0.32666190009288587
3,0.1580132888778141,0.040614673816974034,-0.5473889381809622
4,0.12245522875646941,0.02198084162361233,0.16254624292783515
5,0.14308886622362288,0.03453659123989528,-0.315818501655841
