k,MAE,MSE,R2
CNN,0.31156981554297614,0.2206753393561821,-0.0019811360151755775
