k,MAE,MSE,R2
CNN,0.14988052032303634,0.03194547729693475,-1.090199689767478
