k,MAE,MSE,R2
CNN,0.08436882192361841,0.014349675908049836,0.39235448414265806
