k,MAE,MSE,R2
CNN,0.08654473309308121,0.01349090111859439,0.4291204260823568
