k,MAE,MSE,R2
CNN,0.8724280393287043,1.0115763430990004,-0.719600651706827
